<?xml version="1.0" encoding="UTF-8"?>
<project-private xmlns="http://www.netbeans.org/ns/project-private/1">
    <editor-bookmarks xmlns="http://www.netbeans.org/ns/editor-bookmarks/2" lastBookmarkId="0"/>
    <open-files xmlns="http://www.netbeans.org/ns/projectui-open-files/2">
        <group>
            <file>file:/F:/123200155_123220200_ProjekAkhir_C/123200155_123220200_ProjekAkhir_C/123200155_123220200_ProjekAkhir_C/src/toko/EditJumlah.java</file>
            <file>file:/F:/123200155_123220200_ProjekAkhir_C/123200155_123220200_ProjekAkhir_C/123200155_123220200_ProjekAkhir_C/src/toko/Keranjang.java</file>
            <file>file:/F:/123200155_123220200_ProjekAkhir_C/123200155_123220200_ProjekAkhir_C/123200155_123220200_ProjekAkhir_C/src/toko/Home.java</file>
            <file>file:/F:/123200155_123220200_ProjekAkhir_C/123200155_123220200_ProjekAkhir_C/123200155_123220200_ProjekAkhir_C/src/toko/RegisterPembeli.java</file>
            <file>file:/F:/123200155_123220200_ProjekAkhir_C/123200155_123220200_ProjekAkhir_C/123200155_123220200_ProjekAkhir_C/src/toko/Connector.java</file>
            <file>file:/F:/123200155_123220200_ProjekAkhir_C/123200155_123220200_ProjekAkhir_C/123200155_123220200_ProjekAkhir_C/src/toko/EditBarang.java</file>
            <file>file:/F:/123200155_123220200_ProjekAkhir_C/123200155_123220200_ProjekAkhir_C/123200155_123220200_ProjekAkhir_C/src/toko/HomePembeli.java</file>
            <file>file:/F:/123200155_123220200_ProjekAkhir_C/123200155_123220200_ProjekAkhir_C/123200155_123220200_ProjekAkhir_C/src/toko/TambahBarang.java</file>
            <file>file:/F:/123200155_123220200_ProjekAkhir_C/123200155_123220200_ProjekAkhir_C/123200155_123220200_ProjekAkhir_C/src/toko/Login.java</file>
            <file>file:/F:/123200155_123220200_ProjekAkhir_C/123200155_123220200_ProjekAkhir_C/123200155_123220200_ProjekAkhir_C/src/toko/Struk.java</file>
            <file>file:/F:/123200155_123220200_ProjekAkhir_C/123200155_123220200_ProjekAkhir_C/123200155_123220200_ProjekAkhir_C/src/toko/HomePenjual.java</file>
        </group>
    </open-files>
</project-private>
